{"Lady in the Water": [[0.6324555320336759, "You, Me and Dupree"], [0.5345224838248488, "The Night Listener"], [0.47140452079103173, "Snakes on a Plane"], [0.47140452079103173, "Just My Luck"], [0.30151134457776363, "Superman Returns"]], "Snakes on a Plane": [[0.47140452079103173, "Lady in the Water"], [0.42640143271122083, "The Night Listener"], [0.4082482904638631, "Superman Returns"], [0.3244428422615251, "Just My Luck"], [0.22645540682891913, "You, Me and Dupree"]], "Just My Luck": [[0.47140452079103173, "Lady in the Water"], [0.42640143271122083, "You, Me and Dupree"], [0.3922322702763681, "The Night Listener"], [0.3244428422615251, "Snakes on a Plane"], [0.254000254000381, "Superman Returns"]], "Superman Returns": [[0.4082482904638631, "Snakes on a Plane"], [0.32025630761017426, "The Night Listener"], [0.30151134457776363, "Lady in the Water"], [0.254000254000381, "Just My Luck"], [0.23094010767585027, "You, Me and Dupree"]], "You, Me and Dupree": [[0.6324555320336759, "Lady in the Water"], [0.42640143271122083, "Just My Luck"], [0.3849001794597505, "The Night Listener"], [0.23094010767585027, "Superman Returns"], [0.22645540682891913, "Snakes on a Plane"]], "The Night Listener": [[0.5345224838248488, "Lady in the Water"], [0.42640143271122083, "Snakes on a Plane"], [0.3922322702763681, "Just My Luck"], [0.3849001794597505, "You, Me and Dupree"], [0.32025630761017426, "Superman Returns"]]}